{
  "id": "5c0916e4-1b7a-47f0-9c35-3c20f7fd037e",
  "name": "journal-date-category",
  "isOverridable": true,
  "entries": [
    {
      "value": "@sys.number:number  @standard-time-conventions:name ",
      "synonyms": [
        "@sys.number:number  @standard-time-conventions:name "
      ]
    },
    {
      "value": "@sys.date:date ",
      "synonyms": [
        "@sys.date:date "
      ]
    },
    {
      "value": "@sys.date-period:period",
      "synonyms": [
        "@sys.date-period:period"
      ]
    },
    {
      "value": "@sys.ordinal:number entry",
      "synonyms": [
        "@sys.ordinal:number entry"
      ]
    },
    {
      "value": "@sys.ordinal:number record",
      "synonyms": [
        "@sys.ordinal:number record"
      ]
    }
  ],
  "isEnum": true,
  "automatedExpansion": false
}