{
  "id": "7d0ec47c-cbb4-426f-8ed6-ad0f3ddf2974",
  "name": "content-journal-type",
  "isOverridable": true,
  "entries": [
    {
      "value": "amazingMoments",
      "synonyms": [
        "best moments",
        "special moments",
        "great things",
        "amazing moments",
        "awesome moments",
        "best memories",
        "amazing moments",
        "sweet moments",
        "happy moments",
        "happy things"
      ]
    },
    {
      "value": "badThings",
      "synonyms": [
        "worst things",
        "sad things",
        "unforgettable things",
        "wrong things",
        "sad moments",
        "sad things"
      ]
    },
    {
      "value": "gratefulFor",
      "synonyms": [
        "grateful",
        "lucky",
        "gratefulness"
      ]
    },
    {
      "value": "changesNeeded",
      "synonyms": [
        "improvement"
      ]
    },
    {
      "value": "wishes",
      "synonyms": [
        "wishes",
        "dreams",
        "wish"
      ]
    }
  ],
  "isEnum": false,
  "automatedExpansion": false
}