{
  "id": "27a38cee-cf6d-4433-a02b-18e7acff3d32",
  "name": "standard-time-conventions",
  "isOverridable": true,
  "entries": [
    {
      "value": "week",
      "synonyms": [
        "weeks",
        "week"
      ]
    },
    {
      "value": "day",
      "synonyms": [
        "days",
        "day"
      ]
    },
    {
      "value": "month",
      "synonyms": [
        "months",
        "month"
      ]
    },
    {
      "value": "year",
      "synonyms": [
        "years",
        "year"
      ]
    }
  ],
  "isEnum": false,
  "automatedExpansion": false
}